{
  "boundary_clarity": {
    "mean": 0.9031233962500416,
    "min": 0.5,
    "max": 1.0,
    "variance": 0.006884039351725073
  },
  "chunk_stickiness_complete": {
    "mean": 0.848450830420817,
    "min": 0.0,
    "max": 2.888531141832864,
    "variance": 0.16274694833546255
  },
  "chunk_stickiness_incomplete": {
    "mean": 0.8446794297547288,
    "min": 0.0,
    "max": 2.7613944736829477,
    "variance": 0.15834722259464418
  },
  "metadata": {
    "num_documents": 57600
  }
}