{
  "boundary_clarity": {
    "mean": 0.9158195927120771,
    "min": 0.5,
    "max": 1.0,
    "variance": 0.002159517831822692
  },
  "chunk_stickiness_complete": {
    "mean": 1.7403605089087015,
    "min": 0.0,
    "max": 3.2621396074839337,
    "variance": 0.28570640857353297
  },
  "chunk_stickiness_incomplete": {
    "mean": 1.587161060730768,
    "min": 0.0,
    "max": 3.113348094243681,
    "variance": 0.297585260471391
  },
  "metadata": {
    "num_documents": 57600
  }
}