{
  "avg_chunk_chars": {
    "mean": 191.01396787505513,
    "min": 6.0,
    "max": 5015.0,
    "variance": 22896.983812868795
  },
  "avg_chunk_words": {
    "mean": 34.6522144028329,
    "min": 1.0,
    "max": 1056.0,
    "variance": 739.3191833813089
  },
  "boundary_clarity": {
    "mean": 0.9158195927120771,
    "min": 0.5,
    "max": 1.0,
    "variance": 0.002159517831822692
  },
  "chunk_stickiness_complete": {
    "mean": 1.8499609893764144,
    "min": 0.0,
    "max": 3.321928094887362,
    "variance": 0.25907646906310544
  },
  "chunk_stickiness_complete_edges": {
    "mean": 5.974513888888889,
    "min": 0.0,
    "max": 45.0,
    "variance": 14.496260180362652
  },
  "chunk_stickiness_incomplete": {
    "mean": 1.8499609893764144,
    "min": 0.0,
    "max": 3.321928094887362,
    "variance": 0.25907646906310544
  },
  "chunk_stickiness_incomplete_edges": {
    "mean": 5.974513888888889,
    "min": 0.0,
    "max": 45.0,
    "variance": 14.496260180362652
  },
  "metadata": {
    "num_documents": 57600
  }
}